{
  "componentsList": {
    "items": [
      {
        "include()": {
          "pattern": "components-cta2",
          "with": {
            "cta2": {
              "backgroundImage": {
                "include()": {
                  "pattern": "base-elements-picture",
                  "with": {
                    "picture": {
                      "srcDesktop": "//unsplash.it/1400/430/",
                      "srcTablet": "//unsplash.it/1024/430/",
                      "src": "//unsplash.it/768/430/",
                      "alt": "FCL image"
                    },
                    "only": true
                  }
                }
              },
              "contentAlign": "text--center",
              "title": "The standard Lorem Ipsum",
              "description": "Lorem ipsum dolor sit amet, consectetur adipiscing elit, sed do eiusmod tempor incididunt ut labore et dolore magna aliqua",
              "links": {
                "include()": {
                  "pattern": "base-elements-link",
                  "with": {
                    "link": {
                      "href": "#",
                      "text": "Button Link"
                    }
                  },
                  "only": true
                }
              }
            }
          }
        }
      },
      {
        "include()": {
          "pattern": "components-cta2",
          "with": {
            "cta2": {
              "backgroundImage": {
                "include()": {
                  "pattern": "base-elements-picture",
                  "with": {
                    "picture": {
                      "srcDesktop": "//unsplash.it/1400/430/",
                      "srcTablet": "//unsplash.it/1024/430/",
                      "src": "//unsplash.it/768/430/",
                      "alt": "FCL image"
                    },
                    "only": true
                  }
                }
              },
              "contentAlign": "text--left",
              "title": "The standard Lorem Ipsum",
              "description": "Lorem ipsum dolor sit amet, consectetur adipiscing elit, sed do eiusmod tempor incididunt ut labore et dolore magna aliqua",
              "links": {
                "include()": {
                  "pattern": "base-elements-link",
                  "with": {
                    "link": {
                      "href": "#",
                      "text": "Button Link"
                    }
                  },
                  "only": true
                }
              }
            }
          }
        }
      },
      {
        "include()": {
          "pattern": "components-cta2",
          "with": {
            "cta2": {
              "backgroundImage": {
                "include()": {
                  "pattern": "base-elements-picture",
                  "with": {
                    "picture": {
                      "srcDesktop": "//unsplash.it/1400/430/",
                      "srcTablet": "//unsplash.it/1024/430/",
                      "src": "//unsplash.it/768/430/",
                      "alt": "FCL image"
                    },
                    "only": true
                  }
                }
              },
              "contentAlign": "text--right",
              "title": "The standard Lorem Ipsum",
              "description": "Lorem ipsum dolor sit amet, consectetur adipiscing elit, sed do eiusmod tempor incididunt ut labore et dolore magna aliqua",
              "links": {
                "include()": {
                  "pattern": "base-elements-link",
                  "with": {
                    "link": {
                      "href": "#",
                      "text": "Button Link"
                    }
                  },
                  "only": true
                }
              }
            }
          }
        }
      }
    ]
  }
}
