{
  "componentsList": {
    "items": [
      {
        "include()": {
          "pattern": "components-vd4",
          "with": {
            "vd4": {
              "backgroundColor": "bg--light bg--light-white",
              "title": "Lorem ipsum dolor sit amet",
              "body": "<strong>Stop threats before they enter</strong> <p>Proin eget tortor risus. Curabitur non nulla sit amet nisl tempus convallis quis ac lectus. Nulla porttitor accumsan tincidunt. Vestibulum ac diam sit amet quam vehicula elementum sed sit amet dui. Vivamus suscipit tortor eget felis porttitor volutpat. Vivamus magna justo, lacinia eget consectetur sed, convallis at tellus. Pellentesque in ipsum id orci porta dapibus. Praesent sapien massa, convallis a pellentesque nec, egestas non nisi. Sed porttitor lectus nibh. Nulla porttitor accumsan tincidunt.</p><ul> <li>Proin eget tortor risus</li><li>Curabitur non nulla sit amet nisl tempus convallis quis ac lectus</li><li>Praesent sapien massa, convallis a pellentesque nec, egestas non nisi.</li><li>Sed porttitor lectus nibh. Nulla porttitor accumsan tincidunt proin eget tortor risus.</li></ul>",
              "videoWrap": {
                "include()": {
                  "pattern": "components-video-wrap",
                  "with": {
                    "videoWrap": {
                      "video": {
                        "include()": {
                          "pattern": "base-elements-youtube-embed",
                          "with": {
                            "youtubeEmbed": {
                              "id": "5gQDT24fuFU",
                              "width": "960",
                              "height": "540",
                              "allowfullscreen": "allowfullscreen",
                              "loop": "1",
                              "autoplay": "0",
                              "start": "0",
                              "rel": "0"
                            }
                          },
                          "only": true
                        }
                      },
                      "image": {
                        "include()": {
                          "pattern": "base-elements-image",
                          "with": {
                            "image": {
                              "src": "//unsplash.it/960/540/",
                              "alt": "FCL image",
                              "width": "960",
                              "height": "540"
                            }
                          },
                          "only": true
                        }
                      },
                      "title": "Youtube video sagittis elit eu",
                      "description": "Youtube video raesent dapibus, neque id cursus faucibus."
                    }
                  },
                  "only": true
                }
              },
              "videoAlign": "video-left"
            }
          }
        }
      },
      {
        "include()": {
          "pattern": "components-vd4",
          "with": {
            "vd4": {
              "backgroundColor": "bg--dark bg--dark-cgray",
              "title": "Lorem ipsum dolor sit amet",
              "body": "<strong>Stop threats before they enter</strong> <p>Proin eget tortor risus. Curabitur non nulla sit amet nisl tempus convallis quis ac lectus. Nulla porttitor accumsan tincidunt. Vestibulum ac diam sit amet quam vehicula elementum sed sit amet dui. Vivamus suscipit tortor eget felis porttitor volutpat. Vivamus magna justo, lacinia eget consectetur sed, convallis at tellus. Pellentesque in ipsum id orci porta dapibus. Praesent sapien massa, convallis a pellentesque nec, egestas non nisi. Sed porttitor lectus nibh. Nulla porttitor accumsan tincidunt.</p><ul> <li>Proin eget tortor risus</li><li>Curabitur non nulla sit amet nisl tempus convallis quis ac lectus</li><li>Praesent sapien massa, convallis a pellentesque nec, egestas non nisi.</li><li>Sed porttitor lectus nibh. Nulla porttitor accumsan tincidunt proin eget tortor risus.</li></ul>",
              "videoWrap": {
                "include()": {
                  "pattern": "components-video-wrap",
                  "with": {
                    "videoWrap": {
                      "video": {
                        "include()": {
                          "pattern": "base-elements-vimeo-embed",
                          "with": {
                            "vimeoEmbed": {
                              "id": "127157727",
                              "width": "960",
                              "height": "540",
                              "allowfullscreen": "allowfullscreen",
                              "loop": "1",
                              "autoplay": "0"
                            }
                          },
                          "only": true
                        }
                      },
                      "image": {
                        "include()": {
                          "pattern": "base-elements-image",
                          "with": {
                            "image": {
                              "src": "//unsplash.it/960/540/",
                              "alt": "FCL image",
                              "width": "960",
                              "height": "540"
                            }
                          },
                          "only": true
                        }
                      },
                      "title": "Vimeo video sagittis elit eu",
                      "description": "Vimeo video raesent dapibus, neque id cursus faucibus."
                    }
                  },
                  "only": true
                }
              },
              "videoAlign": "video-right"
            }
          }
        }
      }
    ]
  }
}
