{
  "componentsList": {
    "items": [
      {
        "include()": {
          "pattern": "components-vd3",
          "with": {
            "vd3": {
              "backgroundImage": "//unsplash.it/1400/700/",
              "title": "Lorem ipsum dolor sit amet",
              "description": "Lorem ipsum dolor sit amet Lorem ipsum dolor sit amet Lorem ipsum dolor sit amet",
              "items": [
                {
                  "include()": {
                    "pattern": "components-vd3-item",
                    "with": {
                      "vd3Item": {
                        "video": {
                          "include()": {
                            "pattern": "base-elements-youtube-embed",
                            "with": {
                              "youtubeEmbed": {
                                "id": "5gQDT24fuFU",
                                "width": "960",
                                "height": "540",
                                "allowfullscreen": "allowfullscreen",
                                "loop": "1",
                                "autoplay": "0",
                                "start": "0",
                                "rel": "0"
                              }
                            },
                            "only": true
                          }
                        }
                      }
                    },
                    "only": true
                  }
                }
              ]
            }
          }
        }
      },
      {
        "include()": {
          "pattern": "components-vd3",
          "with": {
            "vd3": {
              "backgroundImage": "//unsplash.it/1400/700/",
              "title": "Lorem ipsum dolor sit amet",
              "description": "Lorem ipsum dolor sit amet Lorem ipsum dolor sit amet Lorem ipsum dolor sit amet",
              "items": [
                {
                  "include()": {
                    "pattern": "components-vd3-item",
                    "with": {
                      "vd3Item": {
                        "video": {
                          "include()": {
                            "pattern": "base-elements-youtube-embed",
                            "with": {
                              "youtubeEmbed": {
                                "id": "5gQDT24fuFU",
                                "width": "960",
                                "height": "540",
                                "allowfullscreen": "allowfullscreen",
                                "loop": "1",
                                "autoplay": "0",
                                "start": "0",
                                "rel": "0"
                              }
                            },
                            "only": true
                          }
                        }
                      }
                    },
                    "only": true
                  }
                },
                {
                  "include()": {
                    "pattern": "components-vd3-item",
                    "with": {
                      "vd3Item": {
                        "video": {
                          "include()": {
                            "pattern": "base-elements-youtube-embed",
                            "with": {
                              "youtubeEmbed": {
                                "id": "5gQDT24fuFU",
                                "width": "960",
                                "height": "540",
                                "allowfullscreen": "allowfullscreen",
                                "loop": "1",
                                "autoplay": "0",
                                "start": "0",
                                "rel": "0"
                              }
                            },
                            "only": true
                          }
                        }
                      }
                    },
                    "only": true
                  }
                }
              ]
            }
          }
        }
      },
      {
        "include()": {
          "pattern": "components-vd3",
          "with": {
            "vd3": {
              "backgroundImage": "//unsplash.it/1400/700/",
              "title": "Lorem ipsum dolor sit amet",
              "description": "Lorem ipsum dolor sit amet Lorem ipsum dolor sit amet Lorem ipsum dolor sit amet",
              "items": [
                {
                  "include()": {
                    "pattern": "components-vd3-item",
                    "with": {
                      "vd3Item": {
                        "video": {
                          "include()": {
                            "pattern": "base-elements-youtube-embed",
                            "with": {
                              "youtubeEmbed": {
                                "id": "5gQDT24fuFU",
                                "width": "960",
                                "height": "540",
                                "allowfullscreen": "allowfullscreen",
                                "loop": "1",
                                "autoplay": "0",
                                "start": "0",
                                "rel": "0"
                              }
                            },
                            "only": true
                          }
                        }
                      }
                    },
                    "only": true
                  }
                },
                {
                  "include()": {
                    "pattern": "components-vd3-item",
                    "with": {
                      "vd3Item": {
                        "video": {
                          "include()": {
                            "pattern": "base-elements-youtube-embed",
                            "with": {
                              "youtubeEmbed": {
                                "id": "5gQDT24fuFU",
                                "width": "960",
                                "height": "540",
                                "allowfullscreen": "allowfullscreen",
                                "loop": "1",
                                "autoplay": "0",
                                "start": "0",
                                "rel": "0"
                              }
                            },
                            "only": true
                          }
                        }
                      }
                    },
                    "only": true
                  }
                },
                {
                  "include()": {
                    "pattern": "components-vd3-item",
                    "with": {
                      "vd3Item": {
                        "video": {
                          "include()": {
                            "pattern": "base-elements-youtube-embed",
                            "with": {
                              "youtubeEmbed": {
                                "id": "5gQDT24fuFU",
                                "width": "960",
                                "height": "540",
                                "allowfullscreen": "allowfullscreen",
                                "loop": "1",
                                "autoplay": "0",
                                "start": "0",
                                "rel": "0"
                              }
                            },
                            "only": true
                          }
                        }
                      }
                    },
                    "only": true
                  }
                }
              ]
            }
          }
        }
      }
    ]
  }
}
