{
  "componentsList": {
    "items": [
      {
        "include()": {
          "pattern": "components-txt2",
          "with": {
            "txt2": {
              "image": {
                "include()": {
                  "pattern": "base-elements-picture",
                  "with": {
                    "picture": {
                      "srcDesktop": "//unsplash.it/1400/350/",
                      "srcTablet": "//unsplash.it/1024/350/",
                      "src": "//unsplash.it/768/432/",
                      "alt": "FCL image"
                    },
                    "only": true
                  }
                }
              },
              "title": "The Freeman Spogli Institute for International Studies",
              "body": "<p>Proin eget tortor risus. Curabitur non nulla sit amet nisl tempus convallis quis ac lectus. Nulla porttitor accumsan tincidunt. Vestibulum ac diam sit amet quam vehicula elementum sed sit amet dui. Vivamus suscipit tortor eget felis porttitor volutpat. Vivamus magna justo, lacinia eget consectetur sed, convallis at tellus. Pellentesque in ipsum id orci porta dapibus. Praesent sapien massa, convallis a pellentesque nec, egestas non nisi. Sed porttitor lectus nibh. Nulla porttitor accumsan tincidunt.</p><p>Proin eget tortor risus. Curabitur non nulla sit amet nisl tempus convallis quis ac lectus. Nulla porttitor accumsan tincidunt. Vestibulum ac diam sit amet quam vehicula elementum sed sit amet dui. Vivamus suscipit tortor eget felis porttitor volutpat. Vivamus magna justo, lacinia eget consectetur sed, convallis at tellus. Pellentesque in ipsum id orci porta dapibus. Praesent sapien massa, convallis a pellentesque nec, egestas non nisi. Sed porttitor lectus nibh. Nulla porttitor accumsan tincidunt.</p><ul> <li>Nulla porttitor accumsan tincidunt</li><li>Nulla porttitor accumsan tincidunt</li><li>Nulla porttitor accumsan tincidunt</li></ul> <p>Proin eget tortor risus. Curabitur non nulla sit amet nisl tempus convallis quis ac lectus. Nulla porttitor accumsan tincidunt. Vestibulum ac diam sit amet quam vehicula elementum sed sit amet dui. Vivamus suscipit tortor eget felis porttitor volutpat. Vivamus magna justo, lacinia eget consectetur sed, convallis at tellus. Pellentesque in ipsum id orci porta dapibus. Praesent sapien massa, convallis a pellentesque nec, egestas non nisi. Sed porttitor lectus nibh. Nulla porttitor accumsan tincidunt.</p><p>Proin eget tortor risus. Curabitur non nulla sit amet nisl tempus convallis quis ac lectus. Nulla porttitor accumsan tincidunt. Vestibulum ac diam sit amet quam vehicula elementum sed sit amet dui. Vivamus suscipit tortor eget felis porttitor volutpat. Vivamus magna justo, lacinia eget consectetur sed, convallis at tellus. Pellentesque in ipsum id orci porta dapibus. Praesent sapien massa, convallis a pellentesque nec, egestas non nisi. Sed porttitor lectus nibh. Nulla porttitor accumsan tincidunt.</p><p>Proin eget tortor risus. Curabitur non nulla sit amet nisl tempus convallis quis ac lectus. Nulla porttitor accumsan tincidunt. Vestibulum ac diam sit amet quam vehicula elementum sed sit amet dui. Vivamus suscipit tortor eget felis porttitor volutpat. Vivamus magna justo, lacinia eget consectetur sed, convallis at tellus. Pellentesque in ipsum id orci porta dapibus. Praesent sapien massa, convallis a pellentesque nec, egestas non nisi. Sed porttitor lectus nibh. Nulla porttitor accumsan tincidunt.</p>"
            }
          }
        }
      }
    ]
  }
}
