{
  "componentsList": {
    "items": [
      {
        "include()": {
          "pattern": "components-hr2",
          "with": {
            "hr2": {
              "image": {
                "include()": {
                  "pattern": "base-elements-picture",
                  "with": {
                    "picture": {
                      "srcDesktop": "//unsplash.it/1400/560/",
                      "srcTablet": "//unsplash.it/1024/576/",
                      "src": "//unsplash.it/768/720/",
                      "alt": "FCL image"
                    },
                    "only": true
                  }
                }
              },
              "video": {},
              "title": "Captivating Headline about Your Future Career.",
              "contentAlign": "text--center"
            }
          }
        }
      },
      {
        "include()": {
          "pattern": "components-hr2",
          "with": {
            "hr2": {
              "image": {
                "include()": {
                  "pattern": "base-elements-picture",
                  "with": {
                    "picture": {
                      "srcDesktop": "//unsplash.it/1400/560/",
                      "srcTablet": "//unsplash.it/1024/576/",
                      "src": "//unsplash.it/768/720/",
                      "alt": "FCL image"
                    },
                    "only": true
                  }
                }
              },
              "video": {},
              "title": "Captivating Headline about Your Future Career.",
              "contentAlign": "text--left"
            }
          }
        }
      },
      {
        "include()": {
          "pattern": "components-hr2",
          "with": {
            "hr2": {
              "image": {
                "include()": {
                  "pattern": "base-elements-picture",
                  "with": {
                    "picture": {
                      "srcDesktop": "//unsplash.it/1400/560/",
                      "srcTablet": "//unsplash.it/1024/576/",
                      "src": "//unsplash.it/768/720/",
                      "alt": "FCL image"
                    },
                    "only": true
                  }
                }
              },
              "video": {},
              "title": "Captivating Headline about Your Future Career.",
              "contentAlign": "text--right"
            }
          }
        }
      },
      {
        "include()": {
          "pattern": "components-hr2",
          "with": {
            "hr2": {
              "image": {
                "include()": {
                  "pattern": "base-elements-picture",
                  "with": {
                    "picture": {
                      "srcDesktop": "//unsplash.it/1400/560/",
                      "srcTablet": "//unsplash.it/1024/576/",
                      "src": "//unsplash.it/768/720/",
                      "alt": "FCL image"
                    },
                    "only": true
                  }
                }
              },
              "video": {
                "include()": {
                  "pattern": "base-elements-youtube-embed",
                  "with": {
                    "youtubeEmbed": {
                      "id": "5gQDT24fuFU",
                      "width": "960",
                      "height": "540",
                      "allowfullscreen": "allowfullscreen",
                      "loop": "1",
                      "autoplay": "0",
                      "start": "0",
                      "rel": "0"
                    }
                  },
                  "only": true
                }
              },
              "title": "Captivating Headline about Your Future Career.",
              "contentAlign": "text--center"
            }
          }
        }
      },
      {
        "include()": {
          "pattern": "components-hr2",
          "with": {
            "hr2": {
              "image": {
                "include()": {
                  "pattern": "base-elements-picture",
                  "with": {
                    "picture": {
                      "srcDesktop": "//unsplash.it/1400/560/",
                      "srcTablet": "//unsplash.it/1024/576/",
                      "src": "//unsplash.it/768/720/",
                      "alt": "FCL image"
                    },
                    "only": true
                  }
                }
              },
              "video": {
                "include()": {
                  "pattern": "base-elements-vimeo-embed",
                  "with": {
                    "vimeoEmbed": {
                      "id": "127157727",
                      "width": "960",
                      "height": "540",
                      "allowfullscreen": "allowfullscreen",
                      "loop": "1",
                      "autoplay": "0"
                    }
                  },
                  "only": true
                }
              },
              "title": "Captivating Headline about Your Future Career.",
              "contentAlign": "text--left"
            }
          }
        }
      },
      {
        "include()": {
          "pattern": "components-hr2",
          "with": {
            "hr2": {
              "image": {
                "include()": {
                  "pattern": "base-elements-picture",
                  "with": {
                    "picture": {
                      "srcDesktop": "//unsplash.it/1400/560/",
                      "srcTablet": "//unsplash.it/1024/576/",
                      "src": "//unsplash.it/768/720/",
                      "alt": "FCL image"
                    },
                    "only": true
                  }
                }
              },
              "video": {
                "include()": {
                  "pattern": "base-elements-youtube-embed",
                  "with": {
                    "youtubeEmbed": {
                      "id": "5gQDT24fuFU",
                      "width": "960",
                      "height": "540",
                      "allowfullscreen": "allowfullscreen",
                      "loop": "1",
                      "autoplay": "0",
                      "start": "0",
                      "rel": "0"
                    }
                  },
                  "only": true
                }
              },
              "title": "Captivating Headline about Your Future Career.",
              "contentAlign": "text--right"
            }
          }
        }
      }
    ]
  }
}
