{
  "componentsList": {
    "items": [
      {
        "include()": {
          "pattern": "base-elements-colors",
          "with": {
            "colors": [
              {
                "variable": "$primary-color",
                "class": "bg--primary"
              },
              {
                "variable": "$secondary-color",
                "class": "bg--secondary"
              },
              {
                "variable": "$text-color",
                "class": "bg--text"
              }
            ]
          }
        }
      }
    ]
  }
}
